Protocollo;Gruppo;DataOraIncidente;Localizzazione1;STRADA1;Localizzazione2;STRADA2;Strada02;Chilometrica;DaSpecificare;NaturaIncidente;particolaritastrade;TipoStrada;FondoStradale;Pavimentazione;Segnaletica;CondizioneAtmosferica;Traffico;Visibilita;Illuminazione;NUM_FERITI;NUM_RISERVATA;NUM_MORTI;NUM_ILLESI;Longitudine;Latitudine;Confermato;Progressivo;TipoVeicolo;StatoVeicolo;TipoPersona;Sesso;Tipolesione;Deceduto;DecedutoDopo;CinturaCascoUtilizzato;Airbag
1921196;8;13/09/2012 18:30;Strada Urbana;PIAZZA DEL TORRACCIO DI TORRENOVA;in prossimità;;del civico n. ;109;;Tamponamento;Rettilineo;Una carreggiata a doppio senso;Bagnato (pioggia);Asfaltata;Verticale ed orizzontale;Pioggia in atto;Normale;Sufficiente;Ore Diurne;0;0;0;3;;;-1;2;Autovettura privata;In marcia / fermata / arresto;Passeggero;M;Illeso;0;;Non accertato;Inesploso
1921197;12;13/09/2012 17:20;Strada Urbana;VIALE DELL'ARTE;all'intersezione con;VIALE AMERICA;VIALE AMERICA;;;Scontro laterale fra veicoli in marcia;Incrocio;Una carreggiata a doppio senso;Bagnato (pioggia);Asfaltata;Verticale ed orizzontale;Pioggia in atto;Intenso;Buona;Ore Diurne;0;0;0;2;;;-1;1;Autobus urbano;In marcia / fermata / arresto;Conducente;F;Illeso;0;;Esente;Inesistente
1921197;12;13/09/2012 17:20;Strada Urbana;VIALE DELL'ARTE;all'intersezione con;VIALE AMERICA;VIALE AMERICA;;;Scontro laterale fra veicoli in marcia;Incrocio;Una carreggiata a doppio senso;Bagnato (pioggia);Asfaltata;Verticale ed orizzontale;Pioggia in atto;Intenso;Buona;Ore Diurne;0;0;0;2;;;-1;2;Motociclo a solo;In marcia / fermata / arresto;Conducente;M;Illeso;0;;Utilizzato;Inesistente
1921199;8;13/09/2012 08:15;Strada Urbana;VIA MASSA DI SAN GIULIANO;all'intersezione con;VIA SANTE MARIE;VIA SANTE MARIE;;;Scontro laterale fra veicoli in marcia;Intersezione non regolata/non segnalata;Una carreggiata a doppio senso;Bagnato (umidità in atto);Asfaltata;Verticale ed orizzontale;Nuvoloso;Normale;Buona;Ore Diurne;2;0;0;2;;;-1;1;Autovettura privata;In marcia / fermata / arresto;Conducente;M;Illeso;0;;Non accertato;Inesploso
1921199;8;13/09/2012 08:15;Strada Urbana;VIA MASSA DI SAN GIULIANO;all'intersezione con;VIA SANTE MARIE;VIA SANTE MARIE;;;Scontro laterale fra veicoli in marcia;Intersezione non regolata/non segnalata;Una carreggiata a doppio senso;Bagnato (umidità in atto);Asfaltata;Verticale ed orizzontale;Nuvoloso;Normale;Buona;Ore Diurne;2;0;0;2;;;-1;2;Autovettura privata;In marcia / fermata / arresto;Conducente;M;Illeso;0;;Non accertato;Inesploso
1921199;8;13/09/2012 08:15;Strada Urbana;VIA MASSA DI SAN GIULIANO;all'intersezione con;VIA SANTE MARIE;VIA SANTE MARIE;;;Scontro laterale fra veicoli in marcia;Intersezione non regolata/non segnalata;Una carreggiata a doppio senso;Bagnato (umidità in atto);Asfaltata;Verticale ed orizzontale;Nuvoloso;Normale;Buona;Ore Diurne;2;0;0;2;;;-1;3;Autovettura privata;In marcia / fermata / arresto;Conducente;F;Rifiuta cure immediate;0;NON DECEDUTO;Non accertato;Inesploso
1921199;8;13/09/2012 08:15;Strada Urbana;VIA MASSA DI SAN GIULIANO;all'intersezione con;VIA SANTE MARIE;VIA SANTE MARIE;;;Scontro laterale fra veicoli in marcia;Intersezione non regolata/non segnalata;Una carreggiata a doppio senso;Bagnato (umidità in atto);Asfaltata;Verticale ed orizzontale;Nuvoloso;Normale;Buona;Ore Diurne;2;0;0;2;;;-1;3;Autovettura privata;In marcia / fermata / arresto;Passeggero;M;Rifiuta cure immediate;0;NON DECEDUTO;Non accertato;Inesploso
1921200;5;13/09/2012 18:00;Strada Urbana;Tangenziale Est;da specificare;;;;sottopasso a mt 200 da Batteria Nomentana;Ribaltamento senza urto contro ostacolo fisso;Rettilineo;Una carreggiata a senso unico di marcia;Viscido da liquidi oleosi;Asfaltata;Orizzontale;Pioggia in atto;Intenso;Sufficiente;Ore Diurne;1;0;0;0;;;-1;1;Motociclo a solo;In marcia / fermata / arresto;Conducente;M;Ricoverato;0;NON DECEDUTO;Non accertato;Inesistente
1921202;8;13/09/2012 17:00;Strada Urbana;CIRCONVALLAZIONE ORIENTALE;da specificare;;;;anello GRA alt. uscita Casilina;Tamponamento;Rettilineo;Una carreggiata a senso unico di marcia;Bagnato (pioggia);Asfaltata;Verticale ed orizzontale;Nuvoloso;Normale;Buona;Ore Diurne;0;0;0;5;;;-1;1;Autocarro inferiore 35 q.;In marcia / fermata / arresto;Conducente;M;Illeso;0;;Utilizzato;Inesistente
1921202;8;13/09/2012 17:00;Strada Urbana;CIRCONVALLAZIONE ORIENTALE;da specificare;;;;anello GRA alt. uscita Casilina;Tamponamento;Rettilineo;Una carreggiata a senso unico di marcia;Bagnato (pioggia);Asfaltata;Verticale ed orizzontale;Nuvoloso;Normale;Buona;Ore Diurne;0;0;0;5;;;-1;2;Autovettura privata;In marcia / fermata / arresto;Conducente;M;Illeso;0;;Non accertato;Inesploso
1921202;8;13/09/2012 17:00;Strada Urbana;CIRCONVALLAZIONE ORIENTALE;da specificare;;;;anello GRA alt. uscita Casilina;Tamponamento;Rettilineo;Una carreggiata a senso unico di marcia;Bagnato (pioggia);Asfaltata;Verticale ed orizzontale;Nuvoloso;Normale;Buona;Ore Diurne;0;0;0;5;;;-1;2;Autovettura privata;In marcia / fermata / arresto;Passeggero;F;Illeso;0;;Utilizzato;Inesistente
1921202;8;13/09/2012 17:00;Strada Urbana;CIRCONVALLAZIONE ORIENTALE;da specificare;;;;anello GRA alt. uscita Casilina;Tamponamento;Rettilineo;Una carreggiata a senso unico di marcia;Bagnato (pioggia);Asfaltata;Verticale ed orizzontale;Nuvoloso;Normale;Buona;Ore Diurne;0;0;0;5;;;-1;2;Autovettura privata;In marcia / fermata / arresto;Passeggero;M;Illeso;0;;Non accertato;Inesistente
1921202;8;13/09/2012 17:00;Strada Urbana;CIRCONVALLAZIONE ORIENTALE;da specificare;;;;anello GRA alt. uscita Casilina;Tamponamento;Rettilineo;Una carreggiata a senso unico di marcia;Bagnato (pioggia);Asfaltata;Verticale ed orizzontale;Nuvoloso;Normale;Buona;Ore Diurne;0;0;0;5;;;-1;2;Autovettura privata;In marcia / fermata / arresto;Passeggero;M;Illeso;0;;Non accertato;Inesistente
1921203;8;13/09/2012 15:35;Strada Urbana;VIA DEL FOSSO DI S. MAURA;all'intersezione con;VIALE DELLA SORBONA;VIALE DELLA SORBONA;;;Scontro laterale fra veicoli in marcia;Rotatoria;Due carreggiate;Bagnato (pioggia);Asfaltata;Verticale ed orizzontale;Nuvoloso;Normale;Buona;Ore Diurne;0;0;0;3;;;-1;1;Autovettura privata;In marcia / fermata / arresto;Conducente;M;Illeso;0;;Non accertato;
1921203;8;13/09/2012 15:35;Strada Urbana;VIA DEL FOSSO DI S. MAURA;all'intersezione con;VIALE DELLA SORBONA;VIALE DELLA SORBONA;;;Scontro laterale fra veicoli in marcia;Rotatoria;Due carreggiate;Bagnato (pioggia);Asfaltata;Verticale ed orizzontale;Nuvoloso;Normale;Buona;Ore Diurne;0;0;0;3;;;-1;1;Autovettura privata;In marcia / fermata / arresto;Passeggero;;Illeso;0;;Non accertato;
1921203;8;13/09/2012 15:35;Strada Urbana;VIA DEL FOSSO DI S. MAURA;all'intersezione con;VIALE DELLA SORBONA;VIALE DELLA SORBONA;;;Scontro laterale fra veicoli in marcia;Rotatoria;Due carreggiate;Bagnato (pioggia);Asfaltata;Verticale ed orizzontale;Nuvoloso;Normale;Buona;Ore Diurne;0;0;0;3;;;-1;2;Autovettura privata;In marcia / fermata / arresto;Conducente;F;Illeso;0;;Non accertato;Inesistente
1921204;8;13/09/2012 15:30;Strada Urbana;VIA PIETRO BELON;all'intersezione con;VIA DELL'ALBANELLA;VIA DELL'ALBANELLA;;;Scontro frontale/laterale SX fra veicoli in marcia;Incrocio;Una carreggiata a doppio senso;Asciutto;Asfaltata;Verticale ed orizzontale;Nuvoloso;Normale;Sufficiente;Ore Diurne;0;0;0;3;;;-1;1;Autovettura privata;In marcia / fermata / arresto;Conducente;;Illeso;0;;Non accertato;Inesploso
1921204;8;13/09/2012 15:30;Strada Urbana;VIA PIETRO BELON;all'intersezione con;VIA DELL'ALBANELLA;VIA DELL'ALBANELLA;;;Scontro frontale/laterale SX fra veicoli in marcia;Incrocio;Una carreggiata a doppio senso;Asciutto;Asfaltata;Verticale ed orizzontale;Nuvoloso;Normale;Sufficiente;Ore Diurne;0;0;0;3;;;-1;2;Autovettura privata;In marcia / fermata / arresto;Conducente;M;Illeso;0;;Non accertato;Inesistente
1921204;8;13/09/2012 15:30;Strada Urbana;VIA PIETRO BELON;all'intersezione con;VIA DELL'ALBANELLA;VIA DELL'ALBANELLA;;;Scontro frontale/laterale SX fra veicoli in marcia;Incrocio;Una carreggiata a doppio senso;Asciutto;Asfaltata;Verticale ed orizzontale;Nuvoloso;Normale;Sufficiente;Ore Diurne;0;0;0;3;;;-1;2;Autovettura privata;In marcia / fermata / arresto;Passeggero;M;Illeso;0;;Non accertato;Inesploso
1921205;8;13/09/2012 17:50;Statale entro l'abitato;VIA CASILINA;all'intersezione con;VIA CARLO SANTARELLI;VIA CARLO SANTARELLI;;;Tamponamento;Incrocio;Una carreggiata a doppio senso;Asciutto;Asfaltata;Temporanea di cantiere;Nuvoloso;Intenso;Sufficiente;Ore Diurne;0;0;0;4;;;-1;1;Autovettura privata;In marcia / fermata / arresto;Conducente;F;Illeso;0;;Non accertato;Inesistente
1921205;8;13/09/2012 17:50;Statale entro l'abitato;VIA CASILINA;all'intersezione con;VIA CARLO SANTARELLI;VIA CARLO SANTARELLI;;;Tamponamento;Incrocio;Una carreggiata a doppio senso;Asciutto;Asfaltata;Temporanea di cantiere;Nuvoloso;Intenso;Sufficiente;Ore Diurne;0;0;0;4;;;-1;2;Autovettura privata;In marcia / fermata / arresto;Conducente;F;Illeso;0;;Non accertato;Inesistente
1921205;8;13/09/2012 17:50;Statale entro l'abitato;VIA CASILINA;all'intersezione con;VIA CARLO SANTARELLI;VIA CARLO SANTARELLI;;;Tamponamento;Incrocio;Una carreggiata a doppio senso;Asciutto;Asfaltata;Temporanea di cantiere;Nuvoloso;Intenso;Sufficiente;Ore Diurne;0;0;0;4;;;-1;2;Autovettura privata;In marcia / fermata / arresto;Passeggero;M;Illeso;0;;Non accertato;Inesploso
1921205;8;13/09/2012 17:50;Statale entro l'abitato;VIA CASILINA;all'intersezione con;VIA CARLO SANTARELLI;VIA CARLO SANTARELLI;;;Tamponamento;Incrocio;Una carreggiata a doppio senso;Asciutto;Asfaltata;Temporanea di cantiere;Nuvoloso;Intenso;Sufficiente;Ore Diurne;0;0;0;4;;;-1;3;Autovettura privata;In marcia / fermata / arresto;Conducente;M;Illeso;0;;Non accertato;Inesploso
1921206;5;13/09/2012 18:00;Strada Urbana;Tangenziale Est;da specificare;;;;sottopasso a mt 200 da Batteria Nomentana;Tamponamento Multiplo;Sottopasso illuminato;Due carreggiate;Viscido da liquidi oleosi;Asfaltata;Verticale ed orizzontale;Nuvoloso;Intenso;Sufficiente;Sufficiente;1;0;0;7;;;-1;1;Autovettura privata;In marcia / fermata / arresto;Conducente;M;Illeso;0;;Non accertato;Inesistente
1921206;5;13/09/2012 18:00;Strada Urbana;Tangenziale Est;da specificare;;;;sottopasso a mt 200 da Batteria Nomentana;Tamponamento Multiplo;Sottopasso illuminato;Due carreggiate;Viscido da liquidi oleosi;Asfaltata;Verticale ed orizzontale;Nuvoloso;Intenso;Sufficiente;Sufficiente;1;0;0;7;;;-1;2;Autovettura privata;In marcia / fermata / arresto;Conducente;M;Illeso;0;;Non accertato;Inesistente
1921206;5;13/09/2012 18:00;Strada Urbana;Tangenziale Est;da specificare;;;;sottopasso a mt 200 da Batteria Nomentana;Tamponamento Multiplo;Sottopasso illuminato;Due carreggiate;Viscido da liquidi oleosi;Asfaltata;Verticale ed orizzontale;Nuvoloso;Intenso;Sufficiente;Sufficiente;1;0;0;7;;;-1;3;Autovettura privata;In marcia / fermata / arresto;Conducente;M;Illeso;0;;Non accertato;Inesistente
1921206;5;13/09/2012 18:00;Strada Urbana;Tangenziale Est;da specificare;;;;sottopasso a mt 200 da Batteria Nomentana;Tamponamento Multiplo;Sottopasso illuminato;Due carreggiate;Viscido da liquidi oleosi;Asfaltata;Verticale ed orizzontale;Nuvoloso;Intenso;Sufficiente;Sufficiente;1;0;0;7;;;-1;4;Autovettura privata;In marcia / fermata / arresto;Conducente;M;Illeso;0;;Non accertato;Inesistente
1921206;5;13/09/2012 18:00;Strada Urbana;Tangenziale Est;da specificare;;;;sottopasso a mt 200 da Batteria Nomentana;Tamponamento Multiplo;Sottopasso illuminato;Due carreggiate;Viscido da liquidi oleosi;Asfaltata;Verticale ed orizzontale;Nuvoloso;Intenso;Sufficiente;Sufficiente;1;0;0;7;;;-1;5;Autovettura privata;In marcia / fermata / arresto;Conducente;M;Rimandato;0;NON DECEDUTO;Non accertato;
1921206;5;13/09/2012 18:00;Strada Urbana;Tangenziale Est;da specificare;;;;sottopasso a mt 200 da Batteria Nomentana;Tamponamento Multiplo;Sottopasso illuminato;Due carreggiate;Viscido da liquidi oleosi;Asfaltata;Verticale ed orizzontale;Nuvoloso;Intenso;Sufficiente;Sufficiente;1;0;0;7;;;-1;6;Autovettura privata;In marcia / fermata / arresto;Conducente;M;Illeso;0;;Non accertato;
1921206;5;13/09/2012 18:00;Strada Urbana;Tangenziale Est;da specificare;;;;sottopasso a mt 200 da Batteria Nomentana;Tamponamento Multiplo;Sottopasso illuminato;Due carreggiate;Viscido da liquidi oleosi;Asfaltata;Verticale ed orizzontale;Nuvoloso;Intenso;Sufficiente;Sufficiente;1;0;0;7;;;-1;7;Autovettura privata;In marcia / fermata / arresto;Conducente;M;Illeso;0;;Non accertato;
1921206;5;13/09/2012 18:00;Strada Urbana;Tangenziale Est;da specificare;;;;sottopasso a mt 200 da Batteria Nomentana;Tamponamento Multiplo;Sottopasso illuminato;Due carreggiate;Viscido da liquidi oleosi;Asfaltata;Verticale ed orizzontale;Nuvoloso;Intenso;Sufficiente;Sufficiente;1;0;0;7;;;-1;7;Autovettura privata;In marcia / fermata / arresto;Passeggero;M;Illeso;0;;Non accertato;Inesistente
1921207;8;14/09/2012 01:45;Strada Urbana;VIA CASILINA;all'intersezione semaforizzata con;VIA DEL CASALE DI S. MARIA;VIA DEL CASALE DI S. MARIA;;;Scontro frontale fra veicoli in marcia;Incrocio;Una carreggiata a senso unico di marcia;Bagnato (pioggia);Asfaltata;Verticale ed orizzontale;Nuvoloso;Scarso;Sufficiente;Sufficiente;2;0;0;1;;;-1;1;Autovettura privata;In marcia / fermata / arresto;Conducente;M;Illeso;0;;Non accertato;Inesistente
1921207;8;14/09/2012 01:45;Strada Urbana;VIA CASILINA;all'intersezione semaforizzata con;VIA DEL CASALE DI S. MARIA;VIA DEL CASALE DI S. MARIA;;;Scontro frontale fra veicoli in marcia;Incrocio;Una carreggiata a senso unico di marcia;Bagnato (pioggia);Asfaltata;Verticale ed orizzontale;Nuvoloso;Scarso;Sufficiente;Sufficiente;2;0;0;1;;;-1;1;Autovettura privata;In marcia / fermata / arresto;Passeggero;F;Rimandato;0;NON DECEDUTO;Non accertato;Inesistente
1921207;8;14/09/2012 01:45;Strada Urbana;VIA CASILINA;all'intersezione semaforizzata con;VIA DEL CASALE DI S. MARIA;VIA DEL CASALE DI S. MARIA;;;Scontro frontale fra veicoli in marcia;Incrocio;Una carreggiata a senso unico di marcia;Bagnato (pioggia);Asfaltata;Verticale ed orizzontale;Nuvoloso;Scarso;Sufficiente;Sufficiente;2;0;0;1;;;-1;2;Autovettura privata;In marcia / fermata / arresto;Conducente;M;Rimandato;0;NON DECEDUTO;Non accertato;Inesistente
1921208;13;14/09/2012 01:00;Strada Urbana;PIAZZALE MAGELLANO;da specificare;;;;corrispondenza rotatoria;Veicolo in marcia contro ostacolo fisso;Rotatoria;Due carreggiate;Bagnato (pioggia);Asfaltata;Verticale ed orizzontale;Nuvoloso;Scarso;Buona;Sufficiente;0;0;0;1;;;-1;1;Autovettura privata;In marcia / fermata / arresto;Conducente;M;Illeso;0;;Non accertato;Inesploso
1921209;17;13/09/2012 09:10;Strada Urbana;LUNGOTEVERE VATICANO;da specificare;;;;Sottopasso - 20 mt. dopo ingresso;Tamponamento;Sottopasso illuminato;Una carreggiata a senso unico di marcia;Asciutto;Asfaltata;Orizzontale;Nuvoloso;Intenso;Buona;Ore Diurne;0;0;0;2;;;-1;1;Autocarro inferiore 35 q.;In marcia / fermata / arresto;Conducente;M;Illeso;0;;Non accertato;Inesploso
1921209;17;13/09/2012 09:10;Strada Urbana;LUNGOTEVERE VATICANO;da specificare;;;;Sottopasso - 20 mt. dopo ingresso;Tamponamento;Sottopasso illuminato;Una carreggiata a senso unico di marcia;Asciutto;Asfaltata;Orizzontale;Nuvoloso;Intenso;Buona;Ore Diurne;0;0;0;2;;;-1;2;Autovettura privata;In marcia / fermata / arresto;Conducente;;Illeso;0;;Non accertato;Inesploso
1921210;12;13/09/2012 19:50;Strada Urbana;VIA CRISTOFORO COLOMBO;da specificare;;;;direzione Roma alt. sottovia Pontina;Veicolo in marcia contro ostacolo fisso;Curva senza visuale libera;Una carreggiata a senso unico di marcia;Bagnato (pioggia);Asfaltata;Verticale ed orizzontale;Pioggia in atto;Normale;Sufficiente;Sufficiente;0;0;0;1;;;-1;1;Autovettura privata;In marcia / fermata / arresto;Conducente;F;Illeso;0;;Utilizzato;Esploso
1921211;1;12/09/2012 22:10;Strada Urbana;PIAZZA VENEZIA;da specificare;;;;IN PROSSIMITA' P.ZZA S. MARCO;Veicolo in marcia contro veicolo arresto;Rettilineo;Una carreggiata a senso unico di marcia;Bagnato (pioggia);In cubetti di porfido;Verticale ed orizzontale;Pioggia in atto;Scarso;Sufficiente;Sufficiente;1;0;0;0;;;-1;1;Autovettura privata;In marcia / fermata / arresto;Conducente;F;Rifiuta cure immediate;0;NON DECEDUTO;Non accertato;Inesistente
1921212;5;13/09/2012 18:00;Strada Urbana;Tangenziale Est;da specificare;;;;sottopasso a mt 200 da Batteria Nomentana;Tamponamento Multiplo;Rettilineo;Una carreggiata a senso unico di marcia;Viscido da liquidi oleosi;Asfaltata;Orizzontale;Pioggia in atto;Intenso;Sufficiente;Ore Diurne;0;0;0;2;;;-1;1;Autovettura privata;In marcia / fermata / arresto;Conducente;F;Illeso;0;;Non accertato;Inesistente
1921212;5;13/09/2012 18:00;Strada Urbana;Tangenziale Est;da specificare;;;;sottopasso a mt 200 da Batteria Nomentana;Tamponamento Multiplo;Rettilineo;Una carreggiata a senso unico di marcia;Viscido da liquidi oleosi;Asfaltata;Orizzontale;Pioggia in atto;Intenso;Sufficiente;Ore Diurne;0;0;0;2;;;-1;2;Autovettura privata;In marcia / fermata / arresto;Conducente;M;Illeso;0;;Non accertato;Inesistente
1921214;1;13/09/2012 16:20;Strada Urbana;VIA PRINCIPE AMEDEO;in prossimità;;del civico n. ;4;;Veicolo in marcia contro veicoli in arresto;Rettilineo;Una carreggiata a senso unico di marcia;Bagnato (pioggia);Asfaltata;Verticale ed orizzontale;Pioggia in atto;Normale;Buona;Ore Diurne;1;0;0;2;;;-1;2;Motociclo a solo;In marcia / fermata / arresto;Conducente;M;Illeso;0;;Non accertato;Inesistente
1921214;1;13/09/2012 16:20;Strada Urbana;VIA PRINCIPE AMEDEO;in prossimità;;del civico n. ;4;;Veicolo in marcia contro veicoli in arresto;Rettilineo;Una carreggiata a senso unico di marcia;Bagnato (pioggia);Asfaltata;Verticale ed orizzontale;Pioggia in atto;Normale;Buona;Ore Diurne;1;0;0;2;;;-1;2;Motociclo a solo;In marcia / fermata / arresto;Passeggero;F;Rifiuta cure immediate;0;NON DECEDUTO;Non accertato;Inesistente
1921214;1;13/09/2012 16:20;Strada Urbana;VIA PRINCIPE AMEDEO;in prossimità;;del civico n. ;4;;Veicolo in marcia contro veicoli in arresto;Rettilineo;Una carreggiata a senso unico di marcia;Bagnato (pioggia);Asfaltata;Verticale ed orizzontale;Pioggia in atto;Normale;Buona;Ore Diurne;1;0;0;2;;;-1;3;Autovettura privata;In marcia / fermata / arresto;Conducente;M;Illeso;0;;Non accertato;Inesistente
1921215;1;13/09/2012 15:00;Strada Urbana;VIA DELLA CROCE;in prossimità;;del civico n. ;88;;Investimento di pedone;Rettilineo;Una carreggiata a senso unico di marcia;Asciutto;Acciotolata;Verticale ed orizzontale;Nuvoloso;Scarso;Buona;Ore Diurne;1;0;0;1;;;-1;;;;Pedone;M;Rifiuta cure immediate;0;NON DECEDUTO;;
1921215;1;13/09/2012 15:00;Strada Urbana;VIA DELLA CROCE;in prossimità;;del civico n. ;88;;Investimento di pedone;Rettilineo;Una carreggiata a senso unico di marcia;Asciutto;Acciotolata;Verticale ed orizzontale;Nuvoloso;Scarso;Buona;Ore Diurne;1;0;0;1;;;-1;1;Autovettura pubblica;In marcia / fermata / arresto;Conducente;M;Illeso;0;;Non accertato;Inesistente
1921216;16;13/09/2012 11:35;Strada Urbana;PIAZZALE ENRICO DUNANT;in prossimità;;del civico n. ;15;;Tamponamento Multiplo;Rettilineo;Due carreggiate;Asciutto;Asfaltata;Verticale ed orizzontale;Nuvoloso;Normale;Buona;Ore Diurne;0;0;0;3;;;-1;1;Autovettura privata;In marcia / fermata / arresto;Conducente;F;Illeso;0;;Non accertato;Inesistente
1921216;16;13/09/2012 11:35;Strada Urbana;PIAZZALE ENRICO DUNANT;in prossimità;;del civico n. ;15;;Tamponamento Multiplo;Rettilineo;Due carreggiate;Asciutto;Asfaltata;Verticale ed orizzontale;Nuvoloso;Normale;Buona;Ore Diurne;0;0;0;3;;;-1;2;Autovettura privata;In marcia / fermata / arresto;Conducente;F;Illeso;0;;Non accertato;Inesploso
1921216;16;13/09/2012 11:35;Strada Urbana;PIAZZALE ENRICO DUNANT;in prossimità;;del civico n. ;15;;Tamponamento Multiplo;Rettilineo;Due carreggiate;Asciutto;Asfaltata;Verticale ed orizzontale;Nuvoloso;Normale;Buona;Ore Diurne;0;0;0;3;;;-1;3;Autovettura privata;In marcia / fermata / arresto;Conducente;F;Illeso;0;;Non accertato;Inesploso
1921217;20;13/09/2012 07:55;Strada Urbana;VIA FLAMINIA;in corrispondenza;;del civico n. ;1251;;Scontro frontale/laterale DX fra veicoli in marcia;Rettilineo;Una carreggiata a doppio senso;Bagnato (umidità in atto);Asfaltata;Orizzontale;Nuvoloso;Normale;Sufficiente;Ore Diurne;1;0;0;2;;;-1;1;Autovettura privata;In marcia / fermata / arresto;Conducente;F;Illeso;0;;Non accertato;Inesistente
1921217;20;13/09/2012 07:55;Strada Urbana;VIA FLAMINIA;in corrispondenza;;del civico n. ;1251;;Scontro frontale/laterale DX fra veicoli in marcia;Rettilineo;Una carreggiata a doppio senso;Bagnato (umidità in atto);Asfaltata;Orizzontale;Nuvoloso;Normale;Sufficiente;Ore Diurne;1;0;0;2;;;-1;1;Autovettura privata;In marcia / fermata / arresto;Passeggero;M;Illeso;0;;Non accertato;Inesistente
1921217;20;13/09/2012 07:55;Strada Urbana;VIA FLAMINIA;in corrispondenza;;del civico n. ;1251;;Scontro frontale/laterale DX fra veicoli in marcia;Rettilineo;Una carreggiata a doppio senso;Bagnato (umidità in atto);Asfaltata;Orizzontale;Nuvoloso;Normale;Sufficiente;Ore Diurne;1;0;0;2;;;-1;2;Motociclo a solo;In marcia / fermata / arresto;Conducente;M;Rimandato;0;NON DECEDUTO;Non accertato;Inesistente
1921218;20;13/09/2012 18:45;Strada Urbana;VIA DI GROTTAROSSA;da specificare;;;;prossimità fronte civico 556;Scontro frontale/laterale SX fra veicoli in marcia;Curva senza visuale libera;Una carreggiata a doppio senso;Bagnato (pioggia);Asfaltata;Verticale ed orizzontale;Pioggia in atto;Normale;Sufficiente;Ore Diurne;0;0;0;2;;;-1;1;Autobus urbano;In marcia / fermata / arresto;Conducente;M;Illeso;0;;Non accertato;Inesistente
1921218;20;13/09/2012 18:45;Strada Urbana;VIA DI GROTTAROSSA;da specificare;;;;prossimità fronte civico 556;Scontro frontale/laterale SX fra veicoli in marcia;Curva senza visuale libera;Una carreggiata a doppio senso;Bagnato (pioggia);Asfaltata;Verticale ed orizzontale;Pioggia in atto;Normale;Sufficiente;Ore Diurne;0;0;0;2;;;-1;2;Autovettura privata;In marcia / fermata / arresto;Conducente;M;Illeso;0;;Non accertato;Inesistente
1921219;3;13/09/2012 19:00;Strada Urbana;VIALE DEL POLICLINICO;da specificare;;;;uscita policlinico umberto I ;Scontro frontale/laterale SX fra veicoli in marcia;Rettilineo;Più di due carreggiate;Bagnato (pioggia);Asfaltata;Verticale ed orizzontale;Pioggia in atto;Normale;Buona;Sufficiente;1;0;0;1;;;-1;1;Autovettura privata;In marcia / fermata / arresto;Conducente;F;Ricoverato;0;NON DECEDUTO;Non accertato;Inesistente
1921219;3;13/09/2012 19:00;Strada Urbana;VIALE DEL POLICLINICO;da specificare;;;;uscita policlinico umberto I ;Scontro frontale/laterale SX fra veicoli in marcia;Rettilineo;Più di due carreggiate;Bagnato (pioggia);Asfaltata;Verticale ed orizzontale;Pioggia in atto;Normale;Buona;Sufficiente;1;0;0;1;;;-1;2;Autovettura privata;In marcia / fermata / arresto;Conducente;M;Illeso;0;;Utilizzato;Inesistente
1921220;17;13/09/2012 10:30;Strada Urbana;VIA GIOVANNI VITELLESCHI;in corrispondenza;;del civico n. ;11;;Scontro laterale fra veicoli in marcia;Rettilineo;Una carreggiata a senso unico di marcia;Asciutto;Asfaltata;Verticale ed orizzontale;Nuvoloso;Normale;Buona;Ore Diurne;1;0;0;1;;;-1;1;Autovettura privata;In marcia / fermata / arresto;Conducente;F;Illeso;0;;Non accertato;Inesploso
1921220;17;13/09/2012 10:30;Strada Urbana;VIA GIOVANNI VITELLESCHI;in corrispondenza;;del civico n. ;11;;Scontro laterale fra veicoli in marcia;Rettilineo;Una carreggiata a senso unico di marcia;Asciutto;Asfaltata;Verticale ed orizzontale;Nuvoloso;Normale;Buona;Ore Diurne;1;0;0;1;;;-1;2;Motociclo a solo;In marcia / fermata / arresto;Conducente;M;Rimandato;0;NON DECEDUTO;Non accertato;Inesistente
1921221;16;13/09/2012 14:15;Strada Urbana;VIA FEDERICO OZANAM;all'intersezione con;VIA FABIOLA;VIA FABIOLA;;;Investimento di pedone;Intersezione stradale segnalata;Una carreggiata a doppio senso;Asciutto;Asfaltata;Verticale ed orizzontale;Nuvoloso;Normale;Sufficiente;Ore Diurne;1;0;0;1;;;-1;;;;Pedone;F;Rimandato;0;NON DECEDUTO;;
1921221;16;13/09/2012 14:15;Strada Urbana;VIA FEDERICO OZANAM;all'intersezione con;VIA FABIOLA;VIA FABIOLA;;;Investimento di pedone;Intersezione stradale segnalata;Una carreggiata a doppio senso;Asciutto;Asfaltata;Verticale ed orizzontale;Nuvoloso;Normale;Sufficiente;Ore Diurne;1;0;0;1;;;-1;1;Autovettura privata;In marcia / fermata / arresto;Conducente;F;Illeso;0;;Non accertato;Inesistente