Protocollo;Gruppo;DataOraIncidente;Localizzazione1;STRADA1;Localizzazione2;STRADA2;Strada02;Chilometrica;DaSpecificare;NaturaIncidente;particolaritastrade;TipoStrada;FondoStradale;Pavimentazione;Segnaletica;CondizioneAtmosferica;Traffico;Visibilita;Illuminazione;NUM_FERITI;NUM_RISERVATA;NUM_MORTI;NUM_ILLESI;Longitudine;Latitudine;Confermato;Progressivo;TipoVeicolo;StatoVeicolo;TipoPersona;Sesso;Tipolesione;Deceduto;DecedutoDopo;CinturaCascoUtilizzato;Airbag
1922251;1;21/09/2012 15:50;Strada Urbana;VIA PRINCIPE EUGENIO;in prossimità;;del civico n. ;3;;Scontro laterale fra veicoli in marcia;Rettilineo;Una carreggiata a doppio senso;Asciutto;Asfaltata;Verticale ed orizzontale;Sereno;Normale;Buona;Ore Diurne;1;0;0;1;;;-1;1;Autovettura privata;In marcia / fermata / arresto;Conducente;M;Illeso;0;;Non accertato;Inesistente
1922251;1;21/09/2012 15:50;Strada Urbana;VIA PRINCIPE EUGENIO;in prossimità;;del civico n. ;3;;Scontro laterale fra veicoli in marcia;Rettilineo;Una carreggiata a doppio senso;Asciutto;Asfaltata;Verticale ed orizzontale;Sereno;Normale;Buona;Ore Diurne;1;0;0;1;;;-1;2;Motociclo a solo;In marcia / fermata / arresto;Conducente;M;Rifiuta cure immediate;0;NON DECEDUTO;Non accertato;Inesistente
1922252;20;25/09/2012 08:00;Strada Urbana;PIAZZA MANFREDI AZZARITA;in corrispondenza;;del civico n. ;1;;Scontro frontale/laterale DX fra veicoli in marcia;Rettilineo;Una carreggiata a doppio senso;Asciutto;Asfaltata;Verticale ed orizzontale;Sereno;Scarso;Buona;Ore Diurne;0;0;0;4;;;-1;1;Autovettura di polizia;In marcia / fermata / arresto;Conducente;M;Illeso;0;;Non accertato;Inesistente
1922252;20;25/09/2012 08:00;Strada Urbana;PIAZZA MANFREDI AZZARITA;in corrispondenza;;del civico n. ;1;;Scontro frontale/laterale DX fra veicoli in marcia;Rettilineo;Una carreggiata a doppio senso;Asciutto;Asfaltata;Verticale ed orizzontale;Sereno;Scarso;Buona;Ore Diurne;0;0;0;4;;;-1;2;Autovettura privata;In marcia / fermata / arresto;Conducente;M;Illeso;0;;Non accertato;Inesistente
1922252;20;25/09/2012 08:00;Strada Urbana;PIAZZA MANFREDI AZZARITA;in corrispondenza;;del civico n. ;1;;Scontro frontale/laterale DX fra veicoli in marcia;Rettilineo;Una carreggiata a doppio senso;Asciutto;Asfaltata;Verticale ed orizzontale;Sereno;Scarso;Buona;Ore Diurne;0;0;0;4;;;-1;2;Autovettura privata;In marcia / fermata / arresto;Passeggero;F;Illeso;0;;Non accertato;Inesistente
1922252;20;25/09/2012 08:00;Strada Urbana;PIAZZA MANFREDI AZZARITA;in corrispondenza;;del civico n. ;1;;Scontro frontale/laterale DX fra veicoli in marcia;Rettilineo;Una carreggiata a doppio senso;Asciutto;Asfaltata;Verticale ed orizzontale;Sereno;Scarso;Buona;Ore Diurne;0;0;0;4;;;-1;2;Autovettura privata;In marcia / fermata / arresto;Passeggero;F;Illeso;0;;Non accertato;Inesistente
1922253;7;26/09/2012 04:00;Strada Urbana;VIALE ALESSANDRINO;in prossimità;;del civico n. ;152;;Veicolo in marcia contro veicolo in sosta;Rettilineo;Una carreggiata a doppio senso;Asciutto;Asfaltata;Orizzontale;Nebbia;Scarso;Buona;Sufficiente;0;0;0;1;;;-1;1;Autovettura privata;In marcia / fermata / arresto;Conducente;M;Illeso;0;;Non accertato;Inesistente
1922254;1;24/09/2012 12:40;Strada Urbana;VIA VENTI SETTEMBRE;all'intersezione con;VIA SERVIO TULLIO;VIA SERVIO TULLIO;;;Scontro laterale fra veicoli in marcia;Incrocio;Una carreggiata a senso unico di marcia;Asciutto;Asfaltata;Verticale ed orizzontale;Nuvoloso;Normale;Buona;Ore Diurne;1;0;0;0;;;-1;1;Motociclo a solo;In marcia / fermata / arresto;Conducente;M;Rifiuta cure immediate;0;NON DECEDUTO;Non accertato;Inesistente
1922255;20;26/09/2012 08:00;Strada Urbana;VIA DEL FORO ITALICO;da specificare;;;;sotto galleria Fleming direz. Stadio;Tamponamento;Galleria illuminata;Una carreggiata a senso unico di marcia;Asciutto;Asfaltata;Orizzontale;Nuvoloso;Intenso;Buona;Sufficiente;1;0;0;1;;;-1;1;Motociclo a solo;In marcia / fermata / arresto;Conducente;M;Rimandato;0;NON DECEDUTO;Non accertato;Inesistente
1922255;20;26/09/2012 08:00;Strada Urbana;VIA DEL FORO ITALICO;da specificare;;;;sotto galleria Fleming direz. Stadio;Tamponamento;Galleria illuminata;Una carreggiata a senso unico di marcia;Asciutto;Asfaltata;Orizzontale;Nuvoloso;Intenso;Buona;Sufficiente;1;0;0;1;;;-1;2;Autovettura privata;In marcia / fermata / arresto;Conducente;F;Illeso;0;;Non accertato;Inesploso
1922256;3;25/09/2012 13:05;Strada Urbana;VIALE DELL'UNIVERSITA';da specificare;;;;PROSS.V.LE CASTRO LAURENZIANO;Tamponamento;Rettilineo;Una carreggiata a senso unico di marcia;Asciutto;Asfaltata;Verticale ed orizzontale;Sereno;Normale;Buona;Ore Diurne;0;0;0;2;;;-1;1;Autovettura privata;In marcia / fermata / arresto;Conducente;M;Illeso;0;;Non accertato;Inesploso
1922256;3;25/09/2012 13:05;Strada Urbana;VIALE DELL'UNIVERSITA';da specificare;;;;PROSS.V.LE CASTRO LAURENZIANO;Tamponamento;Rettilineo;Una carreggiata a senso unico di marcia;Asciutto;Asfaltata;Verticale ed orizzontale;Sereno;Normale;Buona;Ore Diurne;0;0;0;2;;;-1;2;Autovettura privata;In marcia / fermata / arresto;Conducente;M;Illeso;0;;Non accertato;Inesploso
1922257;1;25/09/2012 12:50;Strada Urbana;VIA DEGLI ANNIBALDI;da specificare;;;;PRIMA DEL SEMAFORO VIA CAVOUR ;Infortunio per caduta del veicolo;Rettilineo;Una carreggiata a senso unico di marcia;Viscido da liquidi oleosi;Asfaltata;Verticale ed orizzontale;Nuvoloso;Normale;Buona;Ore Diurne;1;0;0;1;;;-1;1;Motociclo a solo;In marcia / fermata / arresto;Conducente;F;Rifiuta cure immediate;0;NON DECEDUTO;Non accertato;Inesistente
1922257;1;25/09/2012 12:50;Strada Urbana;VIA DEGLI ANNIBALDI;da specificare;;;;PRIMA DEL SEMAFORO VIA CAVOUR ;Infortunio per caduta del veicolo;Rettilineo;Una carreggiata a senso unico di marcia;Viscido da liquidi oleosi;Asfaltata;Verticale ed orizzontale;Nuvoloso;Normale;Buona;Ore Diurne;1;0;0;1;;;-1;1;Motociclo a solo;In marcia / fermata / arresto;Passeggero;F;Illeso;0;;Utilizzato;Inesistente
1922259;3;25/09/2012 16:20;Strada Urbana;VIALE REGINA MARGHERITA;all'intersezione semaforizzata con;VIA GIOVANNI BATTISTA MORGAGNI;VIA GIOVANNI BATTISTA MORGAGNI;;;Scontro frontale/laterale DX fra veicoli in marcia;Intersezione semaforizzata;Una carreggiata a senso unico di marcia;Asciutto;Asfaltata;Verticale ed orizzontale;Sereno;Normale;Buona;Ore Diurne;1;0;0;2;;;-1;1;Motociclo a solo;In marcia / fermata / arresto;Conducente;F;Rimandato;0;NON DECEDUTO;Non accertato;Inesistente
1922259;3;25/09/2012 16:20;Strada Urbana;VIALE REGINA MARGHERITA;all'intersezione semaforizzata con;VIA GIOVANNI BATTISTA MORGAGNI;VIA GIOVANNI BATTISTA MORGAGNI;;;Scontro frontale/laterale DX fra veicoli in marcia;Intersezione semaforizzata;Una carreggiata a senso unico di marcia;Asciutto;Asfaltata;Verticale ed orizzontale;Sereno;Normale;Buona;Ore Diurne;1;0;0;2;;;-1;2;Autovettura privata;In marcia / fermata / arresto;Conducente;F;Illeso;0;;Non accertato;Inesistente
1922259;3;25/09/2012 16:20;Strada Urbana;VIALE REGINA MARGHERITA;all'intersezione semaforizzata con;VIA GIOVANNI BATTISTA MORGAGNI;VIA GIOVANNI BATTISTA MORGAGNI;;;Scontro frontale/laterale DX fra veicoli in marcia;Intersezione semaforizzata;Una carreggiata a senso unico di marcia;Asciutto;Asfaltata;Verticale ed orizzontale;Sereno;Normale;Buona;Ore Diurne;1;0;0;2;;;-1;2;Autovettura privata;In marcia / fermata / arresto;Passeggero;M;Illeso;0;;Non accertato;Inesistente
1922260;4;25/09/2012 19:30;Strada Urbana;VIA DI VALLE MELAINA;da specificare;;;;prossimità via Stampalia;Scontro laterale fra veicoli in marcia;Rettilineo;Due carreggiate;Asciutto;Asfaltata;Verticale ed orizzontale;Nuvoloso;Normale;Buona;Sufficiente;0;0;0;4;;;-1;1;Autovettura privata;In marcia / fermata / arresto;Conducente;F;Illeso;0;;Non accertato;Inesistente
1922260;4;25/09/2012 19:30;Strada Urbana;VIA DI VALLE MELAINA;da specificare;;;;prossimità via Stampalia;Scontro laterale fra veicoli in marcia;Rettilineo;Due carreggiate;Asciutto;Asfaltata;Verticale ed orizzontale;Nuvoloso;Normale;Buona;Sufficiente;0;0;0;4;;;-1;1;Autovettura privata;In marcia / fermata / arresto;Passeggero;M;Illeso;0;;Non accertato;Inesistente
1922260;4;25/09/2012 19:30;Strada Urbana;VIA DI VALLE MELAINA;da specificare;;;;prossimità via Stampalia;Scontro laterale fra veicoli in marcia;Rettilineo;Due carreggiate;Asciutto;Asfaltata;Verticale ed orizzontale;Nuvoloso;Normale;Buona;Sufficiente;0;0;0;4;;;-1;2;Autovettura privata;In marcia / fermata / arresto;Conducente;F;Illeso;0;;Non accertato;Inesistente
1922260;4;25/09/2012 19:30;Strada Urbana;VIA DI VALLE MELAINA;da specificare;;;;prossimità via Stampalia;Scontro laterale fra veicoli in marcia;Rettilineo;Due carreggiate;Asciutto;Asfaltata;Verticale ed orizzontale;Nuvoloso;Normale;Buona;Sufficiente;0;0;0;4;;;-1;2;Autovettura privata;In marcia / fermata / arresto;Passeggero;M;Illeso;0;;Non accertato;Inesistente
1922261;1;25/09/2012 16:50;Strada Urbana;VIA DEI MARONITI;in prossimità;;del civico n. ;35;;Veicolo in marcia contro veicolo fermo;Rettilineo;Una carreggiata a senso unico di marcia;Asciutto;In cubetti di porfido;Verticale ed orizzontale;Sereno;Normale;Buona;Ore Diurne;0;0;0;1;;;-1;2;Autocarro inferiore 35 q.;In marcia / fermata / arresto;Conducente;M;Illeso;0;;Non accertato;Inesistente
1922262;16;24/09/2012 12:30;Strada Urbana;VIA VITELLIA;in corrispondenza;;del civico n. ;95/a;;Scontro frontale fra veicoli in marcia;Rettilineo;Una carreggiata a doppio senso;Asciutto;Asfaltata;Orizzontale;Sereno;Normale;Buona;Ore Diurne;1;0;0;1;;;-1;1;Motociclo a solo;In marcia / fermata / arresto;Conducente;M;Rimandato;0;NON DECEDUTO;Non accertato;Inesistente
1922262;16;24/09/2012 12:30;Strada Urbana;VIA VITELLIA;in corrispondenza;;del civico n. ;95/a;;Scontro frontale fra veicoli in marcia;Rettilineo;Una carreggiata a doppio senso;Asciutto;Asfaltata;Orizzontale;Sereno;Normale;Buona;Ore Diurne;1;0;0;1;;;-1;2;Autovettura privata;In marcia / fermata / arresto;Conducente;M;Illeso;0;;Non accertato;Inesistente
1922263;1;26/09/2012 08:25;Strada Urbana;VIA DEL CASTRO PRETORIO;in corrispondenza;;del civico n. ;24;;Veicolo in marcia contro veicolo fermo;Rettilineo;Una carreggiata a doppio senso;Asciutto;Asfaltata;Verticale ed orizzontale;Nuvoloso;Intenso;Buona;Ore Diurne;1;0;0;2;;;-1;1;Autovettura privata;In marcia / fermata / arresto;Conducente;M;Illeso;0;;Non accertato;Inesistente
1922263;1;26/09/2012 08:25;Strada Urbana;VIA DEL CASTRO PRETORIO;in corrispondenza;;del civico n. ;24;;Veicolo in marcia contro veicolo fermo;Rettilineo;Una carreggiata a doppio senso;Asciutto;Asfaltata;Verticale ed orizzontale;Nuvoloso;Intenso;Buona;Ore Diurne;1;0;0;2;;;-1;2;Motociclo a solo;In marcia / fermata / arresto;Conducente;M;Rimandato;0;NON DECEDUTO;Non accertato;Inesistente
1922263;1;26/09/2012 08:25;Strada Urbana;VIA DEL CASTRO PRETORIO;in corrispondenza;;del civico n. ;24;;Veicolo in marcia contro veicolo fermo;Rettilineo;Una carreggiata a doppio senso;Asciutto;Asfaltata;Verticale ed orizzontale;Nuvoloso;Intenso;Buona;Ore Diurne;1;0;0;2;;;-1;3;Autovettura privata;In marcia / fermata / arresto;Conducente;M;Illeso;0;;Non accertato;Inesistente
1922264;4;25/09/2012 18:00;Strada Urbana;VIALE ADRIATICO;all'intersezione semaforizzata con;VIA STELVIO;VIA STELVIO;;;Scontro laterale fra veicoli in marcia;Intersezione semaforizzata;Una carreggiata a doppio senso;Asciutto;Asfaltata;Verticale ed orizzontale;Sereno;Intenso;Buona;Ore Diurne;0;0;0;2;;;-1;1;Autovettura privata;In marcia / fermata / arresto;Conducente;F;Illeso;0;;Non accertato;Inesistente
1922264;4;25/09/2012 18:00;Strada Urbana;VIALE ADRIATICO;all'intersezione semaforizzata con;VIA STELVIO;VIA STELVIO;;;Scontro laterale fra veicoli in marcia;Intersezione semaforizzata;Una carreggiata a doppio senso;Asciutto;Asfaltata;Verticale ed orizzontale;Sereno;Intenso;Buona;Ore Diurne;0;0;0;2;;;-1;2;Autovettura privata;In marcia / fermata / arresto;Conducente;F;Illeso;0;;Non accertato;
1922265;16;24/09/2012 07:00;Strada Urbana;VIA DEGLI ALDOBRANDESCHI;da specificare;;;;100 metri prima del civico 12;Scontro laterale fra veicoli in marcia;Rettilineo;Una carreggiata a doppio senso;Asciutto;Asfaltata;Orizzontale;Sereno;Scarso;Sufficiente;Ore Diurne;0;0;0;2;;;-1;1;Autovettura privata;In marcia / fermata / arresto;Conducente;M;Illeso;0;;Non accertato;Inesistente
1922265;16;24/09/2012 07:00;Strada Urbana;VIA DEGLI ALDOBRANDESCHI;da specificare;;;;100 metri prima del civico 12;Scontro laterale fra veicoli in marcia;Rettilineo;Una carreggiata a doppio senso;Asciutto;Asfaltata;Orizzontale;Sereno;Scarso;Sufficiente;Ore Diurne;0;0;0;2;;;-1;2;Autovettura privata;In marcia / fermata / arresto;Conducente;F;Illeso;0;;Non accertato;Inesploso
1922266;18;26/09/2012 10:45;Strada Urbana;VIA DELLA MAGLIANELLA;in corrispondenza;;del civico n. ;262;;Tamponamento;Rettilineo;Una carreggiata a doppio senso;Asciutto;Asfaltata;Orizzontale;Nuvoloso;Normale;Buona;Ore Diurne;1;0;0;2;;;-1;1;Autovettura privata;In marcia / fermata / arresto;Conducente;M;Rifiuta cure immediate;0;NON DECEDUTO;Non accertato;Inesploso
1922266;18;26/09/2012 10:45;Strada Urbana;VIA DELLA MAGLIANELLA;in corrispondenza;;del civico n. ;262;;Tamponamento;Rettilineo;Una carreggiata a doppio senso;Asciutto;Asfaltata;Orizzontale;Nuvoloso;Normale;Buona;Ore Diurne;1;0;0;2;;;-1;1;Autovettura privata;In marcia / fermata / arresto;Passeggero;F;Illeso;0;;Non accertato;Inesploso
1922266;18;26/09/2012 10:45;Strada Urbana;VIA DELLA MAGLIANELLA;in corrispondenza;;del civico n. ;262;;Tamponamento;Rettilineo;Una carreggiata a doppio senso;Asciutto;Asfaltata;Orizzontale;Nuvoloso;Normale;Buona;Ore Diurne;1;0;0;2;;;-1;2;Autovettura privata;In marcia / fermata / arresto;Conducente;F;Illeso;0;;Non accertato;Inesploso
1922267;9;26/09/2012 08:10;Strada Urbana;VIA TOMMASO FORTIFIOCCA;da specificare;;;;PARCHEGGIO VILLA LAZZARONI;Veicolo in marcia contro veicolo fermo;Rettilineo;Una carreggiata a senso unico di marcia;Asciutto;Asfaltata;Orizzontale;Nuvoloso;Normale;Buona;Ore Diurne;0;0;0;1;;;-1;2;Autovettura privata;In marcia / fermata / arresto;Conducente;F;Illeso;0;;Utilizzato;Inesploso
1922268;1;25/09/2012 08:40;Strada Urbana;VIA AMERIGO VESPUCCI;all'intersezione con;VIA GUSTAVO BIANCHI;VIA GUSTAVO BIANCHI;;;Scontro frontale/laterale DX fra veicoli in marcia;Incrocio;Una carreggiata a senso unico di marcia;Asciutto;Acciotolata;Verticale ed orizzontale;Sereno;Scarso;Buona;Ore Diurne;2;0;0;1;;;-1;1;Autovettura privata;In marcia / fermata / arresto;Conducente;F;Rimandato;0;NON DECEDUTO;Non accertato;Inesploso
1922268;1;25/09/2012 08:40;Strada Urbana;VIA AMERIGO VESPUCCI;all'intersezione con;VIA GUSTAVO BIANCHI;VIA GUSTAVO BIANCHI;;;Scontro frontale/laterale DX fra veicoli in marcia;Incrocio;Una carreggiata a senso unico di marcia;Asciutto;Acciotolata;Verticale ed orizzontale;Sereno;Scarso;Buona;Ore Diurne;2;0;0;1;;;-1;2;Autovettura privata;In marcia / fermata / arresto;Conducente;M;Illeso;0;;Non accertato;Inesistente
1922268;1;25/09/2012 08:40;Strada Urbana;VIA AMERIGO VESPUCCI;all'intersezione con;VIA GUSTAVO BIANCHI;VIA GUSTAVO BIANCHI;;;Scontro frontale/laterale DX fra veicoli in marcia;Incrocio;Una carreggiata a senso unico di marcia;Asciutto;Acciotolata;Verticale ed orizzontale;Sereno;Scarso;Buona;Ore Diurne;2;0;0;1;;;-1;2;Autovettura privata;In marcia / fermata / arresto;Passeggero;;Rimandato;0;NON DECEDUTO;Non accertato;Inesploso
1922269;2;25/09/2012 18:15;Strada Urbana;PIAZZA ANNIBALIANO;all'intersezione con;VIALE ERITREA;VIALE ERITREA;;;Scontro frontale/laterale SX fra veicoli in marcia;Rotatoria;Due carreggiate;Asciutto;Asfaltata;Verticale ed orizzontale;Nuvoloso;Normale;Buona;Ore Diurne;0;0;0;2;;;-1;1;Autovettura privata;In marcia / fermata / arresto;Conducente;M;Illeso;0;;Non accertato;Inesistente
1922269;2;25/09/2012 18:15;Strada Urbana;PIAZZA ANNIBALIANO;all'intersezione con;VIALE ERITREA;VIALE ERITREA;;;Scontro frontale/laterale SX fra veicoli in marcia;Rotatoria;Due carreggiate;Asciutto;Asfaltata;Verticale ed orizzontale;Nuvoloso;Normale;Buona;Ore Diurne;0;0;0;2;;;-1;2;Autovettura privata;In marcia / fermata / arresto;Conducente;M;Illeso;0;;Non accertato;Inesistente
1922270;2;25/09/2012 16:30;Strada Urbana;SOTTOVIA IGNAZIO GUIDI;da specificare;;;;alt. rampa d'immissione per Via Nomentana;Veicolo in marcia contro ostacolo accidentale;Curva senza visuale libera;Una carreggiata a senso unico di marcia;Asciutto;Asfaltata;Orizzontale;Sereno;Normale;Sufficiente;Sufficiente;1;0;0;1;;;-1;1;Motociclo con passeggero;In marcia / fermata / arresto;Conducente;M;Illeso;0;;Non accertato;Inesistente
1922270;2;25/09/2012 16:30;Strada Urbana;SOTTOVIA IGNAZIO GUIDI;da specificare;;;;alt. rampa d'immissione per Via Nomentana;Veicolo in marcia contro ostacolo accidentale;Curva senza visuale libera;Una carreggiata a senso unico di marcia;Asciutto;Asfaltata;Orizzontale;Sereno;Normale;Sufficiente;Sufficiente;1;0;0;1;;;-1;1;Motociclo con passeggero;In marcia / fermata / arresto;Passeggero;M;Rimandato;0;NON DECEDUTO;Non accertato;Inesistente
1922271;4;25/09/2012 14:10;Strada Urbana;VIA DARIO NICCODEMI;in prossimità;;del civico n. ;69;;Scontro frontale/laterale SX fra veicoli in marcia;Rettilineo;Una carreggiata a doppio senso;Asciutto;Asfaltata;Assente;Sereno;Scarso;Buona;Ore Diurne;0;0;0;2;;;-1;1;Autovettura privata;In marcia / fermata / arresto;Conducente;F;Illeso;0;;Non accertato;Inesistente
1922271;4;25/09/2012 14:10;Strada Urbana;VIA DARIO NICCODEMI;in prossimità;;del civico n. ;69;;Scontro frontale/laterale SX fra veicoli in marcia;Rettilineo;Una carreggiata a doppio senso;Asciutto;Asfaltata;Assente;Sereno;Scarso;Buona;Ore Diurne;0;0;0;2;;;-1;2;Autovettura privata;In marcia / fermata / arresto;Conducente;M;Illeso;0;;Non accertato;Inesistente
1922272;23;24/09/2012 23:20;Strada Urbana;VIA DI PRATO CORNELIO;all'intersezione con;VIA CESARE MACCARI;VIA CESARE MACCARI;;;Scontro frontale/laterale DX fra veicoli in marcia;Intersezione stradale segnalata;Due carreggiate;Asciutto;Asfaltata;Verticale;Nuvoloso;Scarso;Buona;Sufficiente;2;0;0;1;;;-1;1;Autovettura privata;In marcia / fermata / arresto;Conducente;M;Illeso;0;;Utilizzato;Inesistente
1922272;23;24/09/2012 23:20;Strada Urbana;VIA DI PRATO CORNELIO;all'intersezione con;VIA CESARE MACCARI;VIA CESARE MACCARI;;;Scontro frontale/laterale DX fra veicoli in marcia;Intersezione stradale segnalata;Due carreggiate;Asciutto;Asfaltata;Verticale;Nuvoloso;Scarso;Buona;Sufficiente;2;0;0;1;;;-1;2;Autovettura privata;In marcia / fermata / arresto;Conducente;M;Rimandato;0;NON DECEDUTO;Non accertato;Inesistente
1922272;23;24/09/2012 23:20;Strada Urbana;VIA DI PRATO CORNELIO;all'intersezione con;VIA CESARE MACCARI;VIA CESARE MACCARI;;;Scontro frontale/laterale DX fra veicoli in marcia;Intersezione stradale segnalata;Due carreggiate;Asciutto;Asfaltata;Verticale;Nuvoloso;Scarso;Buona;Sufficiente;2;0;0;1;;;-1;2;Autovettura privata;In marcia / fermata / arresto;Passeggero;F;Rimandato;0;NON DECEDUTO;Non accertato;Inesistente
1922273;23;25/09/2012 18:25;Strada Urbana;LUNGOTEVERE GIANICOLENSE;all'intersezione semaforizzata con;PONTE GIUSEPPE MAZZINI;PONTE GIUSEPPE MAZZINI;;;Tamponamento;Intersezione semaforizzata;Una carreggiata a senso unico di marcia;Asciutto;Asfaltata;Verticale ed orizzontale;Sereno;Normale;Buona;Ore Diurne;0;0;0;2;;;-1;1;Autovettura privata;In marcia / fermata / arresto;Conducente;M;Illeso;0;;Utilizzato;Inesploso
1922273;23;25/09/2012 18:25;Strada Urbana;LUNGOTEVERE GIANICOLENSE;all'intersezione semaforizzata con;PONTE GIUSEPPE MAZZINI;PONTE GIUSEPPE MAZZINI;;;Tamponamento;Intersezione semaforizzata;Una carreggiata a senso unico di marcia;Asciutto;Asfaltata;Verticale ed orizzontale;Sereno;Normale;Buona;Ore Diurne;0;0;0;2;;;-1;2;Autovettura privata;In marcia / fermata / arresto;Conducente;M;Illeso;0;;Utilizzato;Inesploso
1922274;1;26/09/2012 09:40;Strada Urbana;VIA LUIGI PETROSELLI;all'intersezione con;VIA DEL FORO OLITORIO;VIA DEL FORO OLITORIO;;;Tamponamento;Intersezione semaforizzata;Una carreggiata a doppio senso;Asciutto;In cubetti di porfido;Verticale ed orizzontale;Nuvoloso;Normale;Buona;Ore Diurne;0;0;0;2;;;-1;1;Autovettura privata;In marcia / fermata / arresto;Conducente;M;Illeso;0;;Non accertato;Inesistente
1922274;1;26/09/2012 09:40;Strada Urbana;VIA LUIGI PETROSELLI;all'intersezione con;VIA DEL FORO OLITORIO;VIA DEL FORO OLITORIO;;;Tamponamento;Intersezione semaforizzata;Una carreggiata a doppio senso;Asciutto;In cubetti di porfido;Verticale ed orizzontale;Nuvoloso;Normale;Buona;Ore Diurne;0;0;0;2;;;-1;2;Autovettura privata;In marcia / fermata / arresto;Conducente;F;Illeso;0;;Non accertato;Inesistente
1922275;2;25/09/2012 11:20;Strada Urbana;VIA TEODORO MONTICELLI;da specificare;;;;fronte Carrefour;Veicolo in marcia contro veicolo fermo;Curva a visuale libera;Una carreggiata a senso unico di marcia;Asciutto;Asfaltata;Verticale ed orizzontale;Sereno;Normale;Buona;Ore Diurne;0;0;0;1;;;-1;1;Autovettura privata;In marcia / fermata / arresto;Conducente;M;Illeso;0;;Non accertato;Inesistente
1922276;1;26/09/2012 14:05;Strada Urbana;PIAZZALE NUMA POMPILIO;da specificare;;;;DOPO L'INTERS. SEMAF. DIREZ. VIA C. COLOMBO;Scontro laterale fra veicoli in marcia;Rettilineo;Una carreggiata a doppio senso;Asciutto;Asfaltata;Verticale ed orizzontale;Sereno;Normale;Buona;Ore Diurne;0;0;0;2;;;-1;1;Autovettura privata;In marcia / fermata / arresto;Conducente;M;Illeso;0;;Non accertato;Inesistente
1922276;1;26/09/2012 14:05;Strada Urbana;PIAZZALE NUMA POMPILIO;da specificare;;;;DOPO L'INTERS. SEMAF. DIREZ. VIA C. COLOMBO;Scontro laterale fra veicoli in marcia;Rettilineo;Una carreggiata a doppio senso;Asciutto;Asfaltata;Verticale ed orizzontale;Sereno;Normale;Buona;Ore Diurne;0;0;0;2;;;-1;2;Autovettura privata;In marcia / fermata / arresto;Conducente;F;Illeso;0;;Non accertato;Inesistente
1922277;1;23/09/2012 12:00;Strada Urbana;VIA DEL MASTRO;all'intersezione con;PIAZZA DEI CORONARI;PIAZZA DEI CORONARI;;;Veicolo in marcia contro veicolo in sosta;Intersezione non regolata/non segnalata;Una carreggiata a senso unico di marcia;Asciutto;In cubetti di porfido;Assente;Sereno;Normale;Buona;Ore Diurne;0;0;0;1;;;-1;2;Autovettura privata;In marcia / fermata / arresto;Conducente;F;Illeso;0;;Non accertato;Inesploso
1922278;1;26/09/2012 01:05;Strada Urbana;VIA DEL QUIRINALE;in corrispondenza;;albero n.;2;;Veicolo in marcia contro ostacolo accidentale;Rettilineo;Una carreggiata a doppio senso;Asciutto;Asfaltata;Verticale ed orizzontale;Sereno;Scarso;Sufficiente;Sufficiente;0;0;0;1;;;-1;1;Autovettura privata;In marcia / fermata / arresto;Conducente;M;Illeso;0;;Non accertato;Inesistente
1922279;1;26/09/2012 08:40;Strada Urbana;VIA LABICANA;in prossimità;;del civico n. ;15;;Infortunio per sola frenata improvvisa;Curva a visuale libera;Una carreggiata a doppio senso;Asciutto;Asfaltata;Verticale ed orizzontale;Nuvoloso;Normale;Buona;Ore Diurne;1;0;0;0;;;-1;1;Ciclomotore;In marcia / fermata / arresto;Conducente;M;Rimandato;0;NON DECEDUTO;Non accertato;Inesistente
1922280;1;21/09/2012 13:30;Strada Urbana;VIA DI PORTA S. SEBASTIANO;in corrispondenza;;FERMATA BUS;118;;Tamponamento;Rettilineo;Una carreggiata a doppio senso;Asciutto;Lastricata;Verticale ed orizzontale;Sereno;Scarso;Buona;Ore Diurne;1;0;0;3;;;-1;1;Autovettura privata;In marcia / fermata / arresto;Conducente;M;Illeso;0;;Non accertato;Inesistente
1922280;1;21/09/2012 13:30;Strada Urbana;VIA DI PORTA S. SEBASTIANO;in corrispondenza;;FERMATA BUS;118;;Tamponamento;Rettilineo;Una carreggiata a doppio senso;Asciutto;Lastricata;Verticale ed orizzontale;Sereno;Scarso;Buona;Ore Diurne;1;0;0;3;;;-1;1;Autovettura privata;In marcia / fermata / arresto;Passeggero;M;Rifiuta cure immediate;0;NON DECEDUTO;Non accertato;Inesploso
1922280;1;21/09/2012 13:30;Strada Urbana;VIA DI PORTA S. SEBASTIANO;in corrispondenza;;FERMATA BUS;118;;Tamponamento;Rettilineo;Una carreggiata a doppio senso;Asciutto;Lastricata;Verticale ed orizzontale;Sereno;Scarso;Buona;Ore Diurne;1;0;0;3;;;-1;2;Autovettura privata;In marcia / fermata / arresto;Conducente;M;Illeso;0;;Non accertato;Inesistente
1922280;1;21/09/2012 13:30;Strada Urbana;VIA DI PORTA S. SEBASTIANO;in corrispondenza;;FERMATA BUS;118;;Tamponamento;Rettilineo;Una carreggiata a doppio senso;Asciutto;Lastricata;Verticale ed orizzontale;Sereno;Scarso;Buona;Ore Diurne;1;0;0;3;;;-1;3;Autovettura privata;In marcia / fermata / arresto;Conducente;M;Illeso;0;;Non accertato;Inesistente